epoch,step,test_acc,test_loss,train_acc,train_loss
0,49,,,0.16015625,2.236633062362671
0,99,,,0.328125,1.9400975704193115
1,100,0.314453125,1.9219970703125,,
